Institution_Id	Institution_Name	Enrollment2010	Enrollment2011	Enrollment2012	Enrollment2013	Private2010	Private2011	Private2012	Private2013	Public2010	Public2011	Public2012	public2013	Private2010PerStudent	Private2011PerStudent	Private2012PerStudent	Private2013PerStudent	Public2010PerStudent	Public2011PerStudent	Public2012PerStudent	Public2013PerStudent	publicAverage	privateAverage	Booster2010	Booster2011	Booster2012	Booster2013	BoosterAverage	boosterByStudent	enrollmentAverage
1894	Baker SD 5J	2089	2074	2164	2222	#N/A	200.00 	1021.48 	250.00 	#N/A	10098372.35 	11080717.76 	12853023.63 	#N/A	0.10 	0.47 	0.11 	#N/A	4869.03 	5120.48 	5784.44 	5257.98 	0.23 	421946.73	413052.51	379725.12	378409.41	398283.44	186.35	2137
2137	Gervais SD 1	1116	1091	1070	1061	25.00 	565.00 	1075.00 	#N/A	7102321.46 	7523677.10 	7177351.90 	#N/A	0.02 	0.52 	1.00 	#N/A	6364.09 	6896.13 	6707.81 	#N/A	6656.01 	0.51 	165247.41	163540.79	152292.05	151669.28	158187.38	145.86	1085
1994	South Umpqua SD 19	1519	1448	1459	1461	#N/A	#N/A	1356.90 	501.20 	#N/A	#N/A	7531761.04 	8435020.10 	#N/A	#N/A	0.93 	0.34 	#N/A	#N/A	5162.28 	5773.46 	5467.87 	0.64 	267764.06	236718.86	223310.28	235281.54	240768.69	163.59	1472
2187	David Douglas SD 40	10831	10706	10761	10946	#N/A	3584.00 	12115.00 	7571.73 	#N/A	64064574.62 	68367736.65 	76324857.08 	#N/A	0.33 	1.13 	0.69 	#N/A	5983.99 	6353.29 	6972.85 	6436.71 	0.72 	1609523.28	1583831.71	1537694.87	1441030.52	1543020.1	142.73	10811
2108	Ontario SD 8C	2511	2431	2459	2441	3491.86 	#N/A	2100.00 	#N/A	15697873.67 	#N/A	16317154.57 	#N/A	1.39 	#N/A	0.85 	#N/A	6251.64 	#N/A	6635.69 	#N/A	6443.66 	1.12 	62742.48	324905.69	380331.29	348977.28	279239.19	113.49	2461
2146	Woodburn SD 103	5431	5493	5668	5743	7140.43 	#N/A	895.30 	26658.11 	36315605.78 	#N/A	39184764.43 	43011831.30 	1.31 	#N/A	0.16 	4.64 	6686.73 	#N/A	6913.33 	7489.44 	7029.83 	2.04 	389873	417250.2	454825.6	430108.77	423014.39	75.76	5584
2241	Forest Grove SD 15	6190	6017	5921	5954	15398.89 	9350.79 	21030.26 	9352.07 	35553685.39 	35820246.08 	36532095.00 	39478489.32 	2.49 	1.55 	3.55 	1.57 	5743.73 	5953.17 	6169.92 	6630.58 	6124.35 	2.29 	114380.34	135807.12	117545.39	105189.42	118230.57	19.64	6021
4131	North Wasco County SD 21	3015	3050	3023	3074	21618.56 	5532.00 	9178.48 	3720.26 	14322823.15 	15307095.69 	16868925.68 	17982993.52 	7.17 	1.81 	3.04 	1.21 	4750.52 	5018.72 	5580.19 	5850.03 	5299.87 	3.31 	384799.04	298215.07	400794.73	369232.4	363260.31	119.47	3041
1928	Oregon City SD 62	8250	8158	8064	8066	62864.69 	13825.52 	56877.16 	4591.12 	34756308.81 	36953655.14 	38521575.68 	42706943.90 	7.62 	1.69 	7.05 	0.57 	4212.89 	4529.74 	4776.98 	5294.69 	4703.57 	4.23 	2300129.99	2429740.53	2366570.56		2365480.36	290.8	8135
2257	Sheridan SD 48J	1038	1055	1060	1064	4940.84 	5898.96 	6184.79 	4831.79 	6948240.00 	6390912.27 	6414700.62 	7111118.47 	4.76 	5.59 	5.83 	4.54 	6693.87 	6057.74 	6051.60 	6683.38 	6371.65 	5.18 	142256.24	98062.76	114094.6	111568.05	116495.41	110.5	1054
2055	Three Rivers/Josephine County SD	5041	4903	4919	4916	10500.00 	10975.02 	6400.00 	79997.00 	23300717.06 	23687308.00 	22732016.52 	26275528.01 	2.08 	2.24 	1.30 	16.27 	4622.24 	4831.19 	4621.27 	5344.90 	4854.90 	5.47 	1270939.35	1290960.13	1353052.06	1479490.47	1348610.5	272.74	4945
2100	Greater Albany Public SD 8J	9169	9115	9158	9329	22624.19 	86657.32 	131083.51 	25415.23 	40052880.76 	41688566.57 	42554647.75 	49908068.23 	2.47 	9.51 	14.31 	2.72 	4368.29 	4573.62 	4646.72 	5349.78 	4734.60 	7.25 	1726493.2	1841253.4	1773555.01	1966440.63	1826935.56	198.74	9193
2185	Centennial SD 28J	6474	6252	6105	6177	86668.72 	33966.18 	33966.36 	66317.23 	35823194.03 	37115058.60 	37081900.37 	41092671.28 	13.39 	5.43 	5.56 	10.74 	5533.39 	5936.51 	6074.02 	6652.53 	6049.11 	8.78 	1055620.36	1039858.4	1057125.34	1006431.21	1039758.83	166.31	6252
2053	Jefferson County SD 509J	2803	2806	2843	2905	11619.94 	9245.00 	28062.71 	52529.62 	17387767.66 	19157768.00 	19253289.41 	20195978.76 	4.15 	3.29 	9.87 	18.08 	6203.27 	6827.43 	6772.17 	6952.14 	6688.75 	8.85 	25604.51	33239	32986.37	16636.06	27116.49	9.55	2839
2139	Cascade SD 5	2235	2212	2225	2219	10958.00 	47929.27 	12950.00 	13350.00 	11119215.79 	11558673.34 	11892393.84 	13396125.76 	4.90 	21.67 	5.82 	6.02 	4975.04 	5225.44 	5344.90 	6037.01 	5395.60 	9.60 	690048	717344.36	718043.22	819456.39	736222.99	331.22	2223
2191	Central SD 13J	2916	2946	2889	3060	27846.55 	45058.58 	21221.83 	24098.25 	16133790.79 	17022606.89 	16870580.22 	19873693.69 	9.55 	15.29 	7.35 	7.88 	5532.85 	5778.21 	5839.59 	6494.67 	5911.33 	10.02 	550185.89	605751.2	557488.03	579088.03	573128.29	194.1	2953
1930	Estacada SD 108	2716	2732	2783	2566	8787.60 	41881.40 	40152.42 	22000.00 	14676249.39 	15378392.05 	16202231.80 	17720533.81 	3.24 	15.33 	14.43 	8.57 	5403.63 	5628.99 	5821.86 	6905.90 	5940.09 	10.39 	508743.83	522411.27	442420.32	564859.47	509608.72	188.8	2699
2043	Eagle Point SD 9	4199	4112	4025	3895	47369.81 	64648.18 	35284.88 	27820.32 	19600892.35 	21236132.93 	22174036.76 	23535575.19 	11.28 	15.72 	8.77 	7.14 	4667.99 	5164.43 	5509.08 	6042.51 	5346.00 	10.73 	491769.32	522284.93	510822.87	507599.03	508119.04	125.22	4058
2212	La Grande SD 1	2205	2158	2132	2176	23113.01 	20392.85 	46003.50 	9121.00 	9273784.00 	9436548.00 	9297786.29 	10628677.17 	10.48 	9.45 	21.58 	4.19 	4205.80 	4372.82 	4361.06 	4884.50 	4456.05 	11.43 	121552.81	118263.29	122924.27	124737.72	121869.52	56.22	2168
1924	North Clackamas SD 12	17334	17152	16976	16993	120259.00 	418438.99 	187272.82 	83812.72 	74107971.95 	78492517.24 	80908834.41 	88832203.93 	6.94 	24.40 	11.03 	4.93 	4275.30 	4576.29 	4766.07 	5227.58 	4711.31 	11.82 	5170716.63	287491.34	287833.67	271357.38	1504349.76	87.9	17114
2056	KLAMATH FALLS CITY SCHOOLS	3361	3271	3302	3198	26331.73 	52465.30 	12163.00 	64087.75 	16201797.10 	17074033.72 	16515520.67 	18886707.97 	7.83 	16.04 	3.68 	20.04 	4820.53 	5219.82 	5001.67 	5905.79 	5236.95 	11.90 	824854.49	709750.04	681184.65	730272.18	736515.34	224.34	3283
2199	Nestucca Valley SD 101J	537	526	499	455	4605.50 	14098.00 	1118.09 	4602.00 	32075.20 	30190.47 	33484.72 	35551.17 	8.58 	26.80 	2.24 	10.11 	59.73 	57.40 	67.10 	78.13 	65.59 	11.93 	143052.25	132094.59	151714.69	133259.45	140030.25	277.7	504
2101	Lebanon Community SD 9	4333	4392	4449	4458	105045.88 	40181.73 	35871.68 	32566.60 	18925147.70 	21585773.56 	21875800.52 	24545649.07 	24.24 	9.15 	8.06 	7.31 	4367.68 	4914.79 	4917.02 	5505.98 	4926.37 	12.19 	657562.26	650221.68	704039.97	674266.16	671522.52	152.34	4408
2142	Salem-Keizer SD 24J	40370	40219	40228	40473	270992.22 	512683.51 	786993.93 	418153.94 	216524217.50 	225426426.40 	234858824.30 	262566142.10 	6.71 	12.75 	19.56 	10.33 	5363.49 	5604.97 	5838.19 	6487.44 	5823.52 	12.34 	1681436.36	4175481.17	4399677.59	4174743.86	3607834.75	89.47	40323
1948	St Helens SD 502	3517	3427	3261	3239	19860.17 	57965.13 	38785.95 	49044.15 	16218906.02 	16485013.65 	17268867.92 	17586029.71 	5.65 	16.91 	11.89 	15.14 	4611.57 	4810.33 	5295.57 	5429.46 	5036.74 	12.40 	537724.06	446215.32	445088.31	534932.89	490990.15	146.08	3361
2097	Lincoln County SD	5181	5083	5259	5182	32920.48 	136511.18 	31893.84 	66284.51 	6759789.78 	7350908.55 	8388446.67 	9423692.91 	6.35 	26.86 	6.06 	12.79 	1304.73 	1446.18 	1595.06 	1818.54 	1541.13 	13.02 	1019824.01	1035801.07	1062899.24	1061695.32	1045054.91	201.89	5176
2205	Milton-Freewater Unified SD 7	2001	1952	1895	1881	#N/A	34642.39 	4448.97 	40774.21 	#N/A	12509461.71 	12456849.02 	12927019.44 	#N/A	17.75 	2.35 	21.68 	#N/A	6408.54 	6573.54 	6872.42 	6618.16 	13.92 	335043.95	332176.17	410065.2	337582.92	353717.06	183.06	1932
2003	Sutherlin SD 130	1382	1363	1343	1354	35739.99 	17892.13 	5460.37 	17698.00 	6631981.43 	7015467.39 	6899021.74 	7824845.71 	25.86 	13.13 	4.07 	13.07 	4798.83 	5147.08 	5137.02 	5779.06 	5215.50 	14.03 	270882.88	307281.44	283689.62	301217.5	290767.86	213.72	1361
1922	West Linn-Wilsonville SD 3J	8422	8479	8687	9061	10442.19 	161531.84 	162637.45 	185510.76 	28563211.44 	31297056.89 	33353738.11 	40379431.40 	1.24 	19.05 	18.72 	20.47 	3391.50 	3691.13 	3839.50 	4456.40 	3844.63 	14.87 	3200247.35	3108509.32	3257769.84	3638573.54	3301275.01	381.11	8662
2054	Grants Pass SD 7	5866	5842	5772	5826	88645.67 	94472.57 	92738.20 	85306.62 	25399472.80 	27312178.37 	28562903.76 	31618021.95 	15.11 	16.17 	16.07 	14.64 	4329.95 	4675.14 	4948.53 	5427.05 	4845.17 	15.50 	1065616.47	1050760.83	1079164.16	1083149.75	1069672.8	183.59	5827
1944	Scappoose SD 1J	2254	2305	2287	2296	49918.10 	87876.45 	2414.00 	2433.46 	7727393.38 	8067976.55 	9384571.42 	10030708.58 	22.15 	38.12 	1.06 	1.06 	3428.30 	3500.21 	4103.44 	4368.78 	3850.18 	15.60 	773783.93	111502.5	112867.39	119264.09	279354.48	122.23	2286
1992	Glide SD 12	668	655	638	645	9000.14 	12574.50 	5302.11 	14455.70 	2438921.22 	2086969.60 	1970053.14 	1894490.53 	13.47 	19.20 	8.31 	22.41 	3651.08 	3186.21 	3087.86 	2937.19 	3215.59 	15.85 	130020.2	32020.4	128224.8	133523.66	105947.27	162.62	652
2014	Harney County SD 3	925	897	857	808	13776.92 	12575.00 	18013.51 	10958.41 	5569483.52 	5116203.13 	5333967.48 	5446075.78 	14.89 	14.02 	21.02 	13.56 	6021.06 	5703.68 	6224.00 	6740.19 	6172.23 	15.87 	59636.65	59005.3	62980	58460.85	60020.7	68.85	872
2084	Fern Ridge SD 28J	1636	1619	1489	1503	14700.00 	21100.00 	30848.40 	33281.08 	6259728.97 	6181552.45 	6805552.90 	7155804.66 	8.99 	13.03 	20.72 	22.14 	3826.24 	3818.13 	4570.55 	4761.01 	4243.98 	16.22 	420630.19	369672.89	388005.6	411359.56	397417.06	254.47	1562
1925	Molalla River SD 35	2785	2794	2729	2671	89332.63 	19785.25 	34694.95 	39279.41 	12933656.32 	13580718.00 	13149517.87 	15064707.20 	32.08 	7.08 	12.71 	14.71 	4644.04 	4860.67 	4818.44 	5640.10 	4990.81 	16.64 	248836.17	256061.22	210552.96	200603.94	229013.57	83.44	2745
2256	McMinnville SD 40	6460	6490	6465	6605	44767.84 	102672.66 	139206.24 	148661.76 	34209908.82 	34555757.38 	35428597.88 	40565365.48 	6.93 	15.82 	21.53 	22.51 	5295.65 	5324.46 	5480.06 	6141.61 	5560.45 	16.70 	1122825.36	1210944.33	1115072.07	1149832.93	1149668.67	176.74	6505
2186	Corbett SD 39	970	1101	1271	1338	36451.54 	9007.57 	22444.21 	5653.18 	4900157.49 	5596574.28 	6992558.95 	8441750.99 	37.58 	8.18 	17.66 	4.23 	5051.71 	5083.17 	5501.62 	6309.23 	5486.43 	16.91 	196978.74	178407.96	241584.91	252170.33	217285.49	185.71	1170
2088	Bethel SD 52	5784	5934	5907	5660	165112.40 	185128.62 	30921.42 	26546.60 	25595767.32 	27621734.87 	28116084.87 	31184043.29 	28.55 	31.20 	5.23 	4.69 	4425.27 	4654.83 	4759.79 	5509.55 	4837.36 	17.42 	18453.6	15065	14310	10880	14677.15	2.52	5821
2091	Junction City SD 69	1668	1675	1693	1689	10100.00 	24822.00 	31050.56 	58959.35 	7903152.83 	8341333.92 	8310354.56 	9308640.03 	6.06 	14.82 	18.34 	34.91 	4738.10 	4979.90 	4908.66 	5511.33 	5034.50 	18.53 	353259.35	381897.65	397083.92	429873.51	390528.61	232.28	1681
2183	Gresham-Barlow SD 10J	12146	12126	12130	12180	175333.95 	197332.31 	234038.58 	296980.83 	58771970.26 	60784257.51 	65044223.43 	72089563.08 	14.44 	16.27 	19.29 	24.38 	4838.79 	5012.72 	5362.26 	5918.68 	5283.11 	18.60 	2136026.5	2154365.12	2031070.38	1904043.97	2056376.49	169.31	12146
2048	Medford SD 549C	12583	12727	13187	13574	184760.64 	213295.50 	329864.95 	319971.37 	55618729.49 	59031323.70 	63915642.57 	72922718.75 	14.68 	16.76 	25.01 	23.57 	4420.15 	4638.27 	4846.87 	5372.24 	4819.38 	20.01 	411748.14	437011.9	393299.1	416058.66	414529.45	31.84	13018
2102	Sweet Home SD 55	2347	2291	2348	2378	22338.13 	54267.62 	56228.80 	59450.39 	11717464.68 	12644852.10 	12874436.51 	14079693.82 	9.52 	23.69 	23.95 	25.00 	4992.53 	5519.36 	5483.15 	5920.81 	5478.96 	20.54 	681667.5	681226.54	579426	565787	627026.76	267.85	2341
1965	Coos Bay SD 9	3381	3178	3104	3068	51060.61 	87874.93 	70161.34 	55857.98 	16800492.77 	17117374.42 	16095171.73 	16496429.15 	15.10 	27.65 	22.60 	18.21 	4969.09 	5386.21 	5185.30 	5376.93 	5229.38 	20.89 	650997.4	638779.36	571157.67	593651.18	613646.4	192.8	3183
2039	Phoenix-Talent SD 4	2711	2701	2659	2662	36317.83 	57766.54 	55124.97 	88977.25 	12634259.29 	12938230.42 	12958743.56 	14687038.14 	13.40 	21.39 	20.73 	33.42 	4660.37 	4790.16 	4873.54 	5517.29 	4960.34 	22.23 	633369.54	669417.53	573401.04	634514.56	627675.67	233.92	2683
2190	Dallas SD 2	3280	3148	3162	3177	54091.69 	40096.17 	73563.78 	120818.45 	15847353.12 	16546954.20 	16616692.18 	18608647.19 	16.49 	12.74 	23.26 	38.03 	4831.51 	5256.34 	5255.12 	5857.30 	5300.07 	22.63 	896579.47	757354.26	710137.96	740138.49	776052.55	243.14	3192
2141	North Marion SD 15	1923	1886	1944	1968	30197.02 	43295.98 	62982.51 	39397.23 	11264798.59 	11886839.99 	12210843.65 	13622428.51 	15.70 	22.96 	32.40 	20.02 	5857.93 	6302.67 	6281.30 	6921.97 	6340.97 	22.77 	417431.77	367423.37	421998.63	396406.27	400815.01	207.65	1930
2002	Winston-Dillard SD 116	1513	1462	1445	1496	29901.20 	40429.71 	39038.43 	25633.00 	7374735.30 	7982946.81 	7608546.16 	8497392.92 	19.76 	27.65 	27.02 	17.13 	4874.25 	5460.29 	5265.43 	5680.08 	5320.01 	22.89 	297761.64	38303.57	38225.48	35873.07	102540.94	69.33	1479
1976	Bend-LaPine Administrative SD 1	16157	16275	16575	16827	236932.00 	388221.00 	322795.00 	612877.00 	45173206.00 	50338763.00 	52642791.00 	62690245.00 	14.66 	23.85 	19.47 	36.42 	2795.89 	3093.01 	3176.04 	3725.57 	3197.63 	23.60 	3273644	3262185	3442411	3555721	3383490.25	205.58	16459
2140	Jefferson SD 14J	902	887	885	869	23722.46 	27457.95 	26373.74 	7332.00 	5054762.61 	5130975.83 	5287291.15 	5868619.37 	26.30 	30.96 	29.80 	8.44 	5603.95 	5784.64 	5974.34 	6753.30 	6029.06 	23.87 	215190.56	231263.4	205535.18	249179.7	225292.21	254.35	886
1900	Philomath SD 17J	1634	1631	1637	1613	30056.12 	68662.42 	50948.34 	19742.66 	7787711.13 	8371782.62 	8316666.80 	9751399.77 	18.39 	42.10 	31.12 	12.24 	4766.04 	5132.91 	5080.43 	6045.51 	5256.22 	25.96 	235083.87	291288.3	269631.23	280905.63	269227.26	165.3	1629
2083	Springfield SD 19	10864	10812	11033	10991	173231.10 	171601.46 	338645.09 	470257.97 	50554623.73 	52861705.37 	55950079.13 	63230224.00 	15.95 	15.87 	30.69 	42.79 	4653.41 	4889.17 	5071.16 	5752.91 	5091.66 	26.32 	1939541.16	1990450.24	1996897.07	1860665.02	1946888.37	178.2	10925
2138	Silver Falls SD 4J	3641	3677	3728	3763	82711.86 	93180.61 	96682.38 	127700.94 	19214514.82 	19665525.48 	20233084.30 	23347982.25 	22.72 	25.34 	25.93 	33.94 	5277.26 	5348.25 	5427.33 	6204.62 	5564.37 	26.98 	687036.87	722054.16	714465.39	711457.32	708753.44	191.44	3702
1966	North Bend SD 13	2700	3650	3985	4105	288172.97 	4800.00 	873.75 	6459.50 	13445100.91 	20308959.79 	21722478.53 	25930744.15 	106.73 	1.32 	0.22 	1.57 	4979.67 	5564.10 	5451.06 	6316.87 	5577.92 	27.46 	811.93	845.54	979.99	943.52	895.25	0.25	3610
1946	Rainier SD 13	1065	1057	1007	1009	19037.88 	20536.50 	43134.48 	35447.06 	4468498.83 	4682491.87 	4906980.73 	4972645.26 	17.88 	19.43 	42.83 	35.13 	4195.77 	4429.98 	4872.87 	4928.29 	4606.73 	28.82 	283248.92	238393.83	227911.84	207368.14	239230.68	231.25	1035
1927	Colton SD 53	633	613	628	608	14386.28 	27836.55 	20606.00 	11062.72 	3582374.56 	3729717.09 	3827677.00 	4251892.18 	22.73 	45.41 	32.81 	18.20 	5659.36 	6084.37 	6095.03 	6993.24 	6208.00 	29.79 	223173.24	258968.84	274644	232939.68	247431.44	398.76	621
2059	Lake County SD 7	730	696	732	748	1882.42 	22229.76 	37309.00 	26470.25 	3613622.46 	2985458.11 	2535798.31 	3229105.56 	2.58 	31.94 	50.97 	35.39 	4950.17 	4289.45 	3464.21 	4316.99 	4255.20 	30.22 	86884.9	63301.32	81577.6	81844.77	78402.15	107.92	727
1991	Douglas County SD 4	6337	6294	6227	6095	91236.78 	154525.39 	287108.71 	228731.48 	28032242.34 	29594447.66 	30629547.40 	31691159.16 	14.40 	24.55 	46.11 	37.53 	4423.58 	4702.01 	4918.83 	5199.53 	4810.99 	30.65 	1188865.03	1073234.7	1288910.87	1087258.57	1159567.29	185.88	6238
2082	Eugene SD 4J	17436	17102	17012	16866	611822.94 	552391.09 	482273.31 	502748.25 	58592724.36 	59841232.09 	61432709.20 	70162786.80 	35.09 	32.30 	28.35 	29.81 	3360.45 	3499.08 	3611.14 	4160.01 	3657.67 	31.39 	5477554.51	5482073.51	5316125.85	4761744.11	5259374.5	307.49	17104
2086	Creswell SD 40	1281	1294	1269	1264	23813.33 	49073.50 	28927.13 	59046.24 	6221266.12 	7362829.23 	6943677.16 	7864967.22 	18.59 	37.92 	22.80 	46.71 	4856.57 	5689.98 	5471.77 	6222.28 	5560.15 	31.51 	143096.13	218865.97	223494.02	210843.73	199074.96	155.89	1277
2145	Mt Angel SD 91	700	702	707	696	20930.72 	13313.47 	28687.50 	26572.87 	4423719.68 	4758807.87 	4557831.21 	5446052.01 	29.90 	18.97 	40.58 	38.18 	6319.60 	6778.93 	6446.72 	7824.79 	6842.51 	31.91 	208810.05	177139.77	161024.51	145650.94	173156.32	246.93	701
2254	Newberg SD 29J	5242	5084	5151	5195	166759.49 	204018.96 	177382.00 	124295.29 	22261224.22 	23521085.46 	22312351.38 	26347211.84 	31.81 	40.13 	34.44 	23.93 	4246.70 	4626.49 	4331.65 	5071.65 	4569.12 	32.58 	887487	943530	1116022	966317	978339	189.31	5168
2042	Central Point SD 6	4530	4526	4498	4471	189161.38 	121575.00 	139016.92 	150903.53 	21078276.19 	21481063.24 	21112388.48 	24578823.02 	41.76 	26.86 	30.91 	33.75 	4653.04 	4746.15 	4693.73 	5497.39 	4897.58 	33.32 	1170741.72	1113272.86	1008378.27	866405.23	1039699.52	230.72	4506
1936	Warrenton-Hammond SD 30	894	849	892	883	28218.00 	27645.00 	38394.15 	24850.00 	3241240.55 	4110030.53 	3349758.19 	3932093.04 	31.56 	32.56 	43.04 	28.14 	3625.55 	4841.03 	3755.33 	4453.11 	4168.75 	33.83 	180451	199261	253139	217487.91	212584.73	241.71	880
2099	Harrisburg SD 7J	922	878	879	861	12265.15 	29669.48 	48053.36 	32746.13 	4903683.33 	4868050.81 	4904973.92 	5308721.19 	13.30 	33.79 	54.67 	38.03 	5318.53 	5544.48 	5580.18 	6165.76 	5652.24 	34.95 	259740.94	230991.62	276529.6	285945.64	263301.95	297.52	885
1974	Brookings-Harbor SD 17C	1631	1608	1594	1613	#N/A	#N/A	71528.00 	42113.61 	#N/A	#N/A	5763473.67 	6714479.14 	#N/A	#N/A	44.87 	26.11 	#N/A	#N/A	3615.73 	4162.73 	3889.23 	35.49 	331375.07				331375.07	205.63	1612
1926	Oregon Trail SD 46	4074	4112	4201	4252	96581.20 	140162.65 	188184.22 	184971.72 	17221063.30 	18799667.39 	19660585.00 	21616331.16 	23.71 	34.09 	44.80 	43.50 	4227.07 	4571.90 	4679.98 	5083.80 	4640.69 	36.52 	973703.32	966036.33	983691.89	1025500.41	987232.99	237.33	4160
2251	Yamhill Carlton SD 1	1144	1166	1140	1167	50780.00 	71449.30 	45655.00 	500.00 	5703010.23 	5522630.75 	5387725.09 	6264402.31 	44.39 	61.28 	40.05 	0.43 	4985.15 	4736.39 	4726.07 	5367.95 	4953.89 	36.54 	509449.92	357895.71	376096.57	426774.24	417554.11	361.75	1154
1929	Canby SD 86	4892	4735	4767	4747	171140.45 	88169.99 	176691.03 	269129.99 	24075724.13 	24564723.12 	23236313.63 	26759621.12 	34.98 	18.62 	37.07 	56.69 	4921.45 	5187.90 	4874.41 	5637.16 	5155.23 	36.84 	1464911	1621683.82	1449062.75	1578426.9	1528521.12	319.42	4785
2081	Pleasant Hill SD 1	833	828	891	920	31676.58 	21178.52 	26896.00 	51548.16 	3837411.92 	4100719.51 	4561281.22 	5093887.94 	38.03 	25.58 	30.19 	56.03 	4606.74 	4952.56 	5119.28 	5536.83 	5053.85 	37.46 	281682.4	282929.07	289990.9	291649.31	286562.92	330.14	868
2105	Central Linn SD 552	721	673	672	709	22092.53 	5765.00 	21932.46 	62884.32 	2480855.65 	2940136.59 	2937285.98 	3402688.93 	30.64 	8.57 	32.64 	88.69 	3440.85 	4368.70 	4370.96 	4799.28 	4244.95 	40.13 	237048.35	237322.42	241825.05	298340.59	253634.1	365.6	694
1968	Myrtle Point SD 41	654	626	619	643	#N/A	42261.00 	18335.12 	19283.38 	#N/A	3940648.35 	3862597.83 	4354175.52 	#N/A	67.51 	29.62 	29.99 	#N/A	6294.97 	6240.06 	6771.66 	6435.56 	42.37 	219918.4	173086.39	109084.01	105979.75	152017.14	239.21	636
2239	Hillsboro SD 1J	20827	20909	20903	20973	1230787.60 	858802.69 	589979.50 	879433.97 	88054181.11 	92527216.82 	86262985.00 	103646648.00 	59.10 	41.07 	28.22 	41.93 	4227.89 	4425.23 	4126.82 	4941.91 	4430.46 	42.58 	4334361.48	5242170.14	5043968.94	4705455.26	4831488.96	231.14	20903
2240	Banks SD 13	1152	1138	1128	1139	32461.14 	55994.46 	36549.74 	84108.23 	4053191.06 	4478833.35 	5143196.37 	5366703.52 	28.18 	49.20 	32.40 	73.84 	3518.40 	3935.71 	4559.57 	4711.77 	4181.36 	45.91 	103701	103975.37	115018.22	140035.83	115682.61	101.54	1139
1977	Redmond SD 2J	7003	6962	7055	7107	403905.05 	342251.12 	284525.38 	295781.62 	26463684.16 	29637642.11 	32103540.61 	35605843.43 	57.68 	49.16 	40.33 	41.62 	3778.91 	4257.06 	4550.47 	5009.97 	4399.10 	47.20 	1031071.84	861136.3	933837.74	1010654.15	959175.01	136.41	7032
2147	Morrow SD 1	2196	2190	2184	2122	9076.45 	90993.16 	53042.00 	254905.48 	11548685.89 	11660086.55 	12488579.34 	12952923.75 	4.13 	41.55 	24.29 	120.13 	5258.96 	5324.24 	5718.21 	6104.11 	5601.38 	47.52 	619304.47	676301.06	648792.1	714233.03	664657.67	305.87	2173
1990	Oakland SD 1	531	532	518	506	14293.45 	9460.00 	20032.36 	62100.70 	2801121.04 	2962894.59 	3202736.12 	3454211.55 	26.92 	17.78 	38.67 	122.73 	5275.18 	5569.35 	6182.89 	6826.51 	5963.48 	51.53 	157673.42	178709.85	149905.69	180064.85	166588.45	319.29	522
1970	Crook County SD	2932	3010	3153	3349	103808.87 	140794.48 	248713.93 	158870.42 	11765693.54 	13092148.60 	15070834.65 	18293331.72 	35.41 	46.78 	78.88 	47.44 	4012.86 	4349.55 	4779.84 	5462.33 	4651.14 	52.13 	441771.04	425727.12	471950.91	550111.04	472390.03	151.85	3111
2244	Sherwood SD 88J	4874	4959	5018	5116	353072.82 	312594.57 	186625.59 	207519.10 	18772125.40 	19921164.47 	21032090.59 	24268188.31 	72.44 	63.04 	37.19 	40.56 	3851.48 	4017.17 	4191.33 	4743.59 	4200.89 	53.31 	1172862.83	1231508.28	1292892.97	1242095.94	1234840.01	247.38	4992
2243	Beaverton SD 48J	38737	39118	39488	39433	1740133.23 	2352083.59 	2543885.06 	1817608.61 	157658271.80 	167737344.20 	172475674.40 	199569315.70 	44.92 	60.13 	64.42 	46.09 	4069.97 	4287.98 	4367.80 	5060.97 	4446.68 	53.89 	7790633.67	7796968.99	8405112.79	8556270.25	8137246.43	207.61	39194
1964	Coquille SD 8	868	916	912	869	32338.86 	77693.70 	53947.44 	30726.10 	4679180.63 	5133913.91 	5222278.22 	5411624.15 	37.26 	84.82 	59.15 	35.36 	5390.76 	5604.71 	5726.18 	6227.42 	5737.27 	54.15 	202665.56	195756.7	202503.97	193103.37	198507.4	222.73	891
2255	Willamina SD 30J	859	828	785	793	98312.50 	72418.76 	11074.37 	500.00 	4741912.63 	4768153.04 	4732978.45 	5048605.50 	114.45 	87.46 	14.11 	0.63 	5520.27 	5758.64 	6029.27 	6366.46 	5918.66 	54.16 	178228.71	178695.05	170720.44	188150.55	178948.69	219.23	816
2197	Tillamook SD 9	1965	1965	1961	1940	244116.00 	84782.71 	89954.86 	9553.87 	4382337.29 	4413187.71 	2390607.66 	4099192.25 	124.23 	43.15 	45.87 	4.92 	2230.20 	2245.90 	1219.08 	2112.99 	1952.04 	54.54 	789186.61	972811.79	1055053.22	827264.61	911079.06	465.37	1958
1945	Clatskanie SD 6J	799	778	729	702	52291.78 	44809.59 	33483.34 	39900.21 	2312475.67 	2225944.02 	2461044.01 	2745187.57 	65.45 	57.60 	45.93 	56.84 	2894.21 	2861.11 	3375.92 	3910.52 	3260.44 	56.45 	212231.89	257733.15	238041.32	216462.59	231117.24	307.34	752
2204	Umatilla SD 6R	1340	1382	1356	1344	160499.00 	41500.00 	76691.00 	30568.00 	8901606.02 	9498256.73 	9337247.38 	9869833.63 	119.78 	30.03 	56.56 	22.74 	6642.99 	6872.83 	6885.88 	7343.63 	6936.33 	57.28 	142015.48	202372.86	198284.35	149148.27	172955.24	127.6	1356
2207	Pendleton SD 16	3284	3334	3304	3297	180376.72 	194512.08 	149073.61 	237711.17 	16183483.05 	16913676.24 	16817377.72 	19096684.35 	54.93 	58.34 	45.12 	72.10 	4927.98 	5073.09 	5090.01 	5792.14 	5220.80 	57.62 	620498.75	803927.96	663245.9	654282.61	685488.81	207.43	3305
2181	Parkrose SD 3	3435	3476	3386	3339	4000.00 	259489.14 	252892.43 	280756.67 	11201018.08 	11532384.55 	12178538.79 	13050145.13 	1.16 	74.65 	74.69 	84.08 	3260.85 	3317.72 	3596.73 	3908.40 	3520.92 	58.65 	497350	40036	41660.2	45206.18	156063.1	45.78	3409
2093	Oakridge SD 76	563	564	505	534	50220.51 	17493.59 	36236.65 	23267.91 	3228560.82 	3362990.33 	3172107.62 	3466517.09 	89.20 	31.02 	71.76 	43.57 	5734.57 	5962.75 	6281.40 	6491.61 	6117.58 	58.89 	85744.05	89098.6	86132.56	80606.4	85395.4	157.7	542
2050	Culver SD 4	636	642	699	676	1480.74 	100813.42 	40277.51 	39147.63 	3826093.29 	3817638.48 	4218806.77 	4544525.30 	2.33 	157.03 	57.62 	57.91 	6015.87 	5946.48 	6035.49 	6722.67 	6180.13 	68.72 	137287.55	152267.59	161567.15	163026.47	153537.19	231.49	663
2208	Athena-Weston SD 29RJ	534	514	567	558	10000.00 	18808.13 	58644.20 	67116.00 	3070828.43 	3188736.66 	3403251.00 	3923102.29 	18.73 	36.59 	103.43 	120.28 	5750.62 	6203.77 	6002.21 	7030.65 	6246.81 	69.76 	187723.15	212024.37	216075.8	178923.88	198686.8	365.74	543
2116	Vale SD 84	906	876	888	947	43955.00 	77797.29 	62782.00 	71233.40 	5931995.27 	6041122.55 	5785577.76 	7287392.90 	48.52 	88.81 	70.70 	75.22 	6547.46 	6896.26 	6515.29 	7695.24 	6913.56 	70.81 	257455.8	270641.66	297033.34	313054.38	284546.3	314.68	904
2008	John Day SD 3	671	621	611	617	#N/A	3850.00 	57398.93 	70053.11 	#N/A	3874323.04 	3998343.94 	4031963.37 	#N/A	6.20 	93.94 	113.54 	#N/A	6238.85 	6543.93 	6534.79 	6439.19 	71.23 	245459	247544	230759		241254	382.94	630
2044	Rogue River SD 35	952	917	897	914	64075.50 	25916.80 	45582.44 	128720.18 	4433478.09 	4561874.61 	5015392.20 	5092747.20 	67.31 	28.26 	50.82 	140.83 	4657.01 	4974.78 	5591.30 	5571.93 	5198.76 	71.80 	115395.83	96583.66	88874.27	87310.82	97041.15	105.48	920
2087	South Lane SD 45J3	2800	2697	2850	2880	131503.95 	267179.79 	214278.01 	202369.92 	13670115.06 	15116540.71 	16132537.71 	18059322.31 	46.97 	99.07 	75.19 	70.27 	4882.18 	5604.95 	5660.54 	6270.60 	5604.57 	72.87 	796538.37	910737.65	962235.19	927844.26	899338.87	320.42	2807
1901	Corvallis SD 509J	6539	6391	6425	6467	522241.93 	464788.00 	461790.80 	524465.62 	21509888.55 	21392277.00 	20961214.43 	27215081.58 	79.87 	72.73 	71.87 	81.10 	3289.48 	3347.25 	3262.45 	4208.30 	3526.87 	76.39 	1079479.49	1071655	1149159.05	1093196.78	1098372.58	170.15	6456
1933	Astoria SD 1	1937	1914	1910	1910	94068.47 	150352.67 	137533.91 	245027.14 	7199541.11 	7428963.91 	7105622.61 	9040495.85 	48.56 	78.55 	72.01 	128.29 	3716.85 	3881.38 	3720.22 	4733.24 	4012.92 	81.85 	631737.35	667766.8	606354.65	599439.24	626324.51	326.59	1918
2024	Hood River County SD	3989	4076	4086	4087	352765.69 	369220.50 	348419.30 	279324.01 	20814538.29 	21619877.62 	24295739.77 	24335001.28 	88.43 	90.58 	85.27 	68.34 	5217.98 	5304.19 	5946.09 	5954.25 	5605.63 	83.16 							4060
2057	Klamath County SD	6303	6253	6157	6229	522278.77 	669746.72 	419985.69 	506462.70 	31840922.66 	31824449.46 	32953883.56 	36479588.80 	82.86 	107.11 	68.21 	81.31 	5051.71 	5089.47 	5352.26 	5856.41 	5337.46 	84.87 	1547254.64	1539406.42	1381783.43	1552121.63	1505141.53	241.38	6236
2206	Hermiston SD 8	5190	5093	5209	5241	96530.61 	267151.34 	1051703.63 	353092.05 	27036123.24 	28224006.00 	28877326.00 	32193635.55 	18.60 	52.45 	201.90 	67.37 	5209.27 	5541.73 	5543.74 	6142.65 	5609.35 	85.08 	595323.45	576404.95	584037.34	658750.85	603629.15	116.46	5183
2253	Dayton SD 8	948	957	943	962	72440.53 	132603.21 	90198.59 	51274.54 	5331844.07 	5482658.12 	5675938.31 	6472802.46 	76.41 	138.56 	95.65 	53.30 	5624.31 	5729.01 	6019.02 	6728.48 	6025.21 	90.98 	247293.52	138568.43	194242.93	234919.36	203756.06	213.92	953
2180	Portland SD 1J	45718	46190	46581	47111	4499659.00 	3383033.00 	5250442.00 	3846930.00 	139228651.00 	149030732.00 	151369290.00 	184689998.00 	98.42 	73.24 	112.72 	81.66 	3045.38 	3226.47 	3249.59 	3920.32 	3360.44 	91.51 	8805605	8395217	8825197	9609558	8908894.25	192	46400
1972	Central Curry SD 1	555	518	503	468	29112.60 	38782.00 	54274.10 	65818.85 	1662455.66 	1830963.07 	1488967.42 	1828072.55 	52.46 	74.87 	107.90 	140.64 	2995.42 	3534.68 	2960.17 	3906.14 	3349.10 	93.97 	402730.46	367740.84	376255.29	303717.69	362611.07	709.61	511
1931	Gladstone SD 115	2089	2102	2130	2157	305745.39 	185298.53 	151591.21 	153849.00 	10342323.61 	11774156.13 	11765790.61 	13378121.00 	146.36 	88.15 	71.17 	71.33 	4950.85 	5601.41 	5523.85 	6202.19 	5569.57 	94.25 	920819.77	860971.7	701444.89	689438	793168.59	374.22	2120
2001	Reedsport SD 105	646	642	599	613	174710.93 	55060.61 	63899.30 	27840.82 	3169289.88 	3228799.29 	3063450.39 	3225712.43 	270.45 	85.76 	106.68 	45.42 	4906.02 	5029.28 	5114.27 	5262.17 	5077.94 	127.08 	122522.65	142483.56	101907.31	80929.44	111960.74	179.14	625
2041	Ashland SD 5	2804	2809	2808	2814	365655.27 	405559.12 	348114.38 	310559.98 	7874290.55 	7791723.27 	7812049.93 	8435434.40 	130.40 	144.38 	123.97 	110.36 	2808.23 	2773.84 	2782.07 	2997.67 	2840.45 	127.28 	612993.37	511782.2	488874.86	434657.84	512077.07	182.31	2809
2104	Santiam Canyon SD 129J	595	545	535	549	85211.89 	87370.47 	4295.64 	118208.63 	1834886.72 	2006961.66 	2717405.74 	1708034.91 	143.21 	160.31 	8.03 	215.32 	3083.84 	3682.50 	5079.26 	3111.17 	3739.19 	131.72 	20446.8	21189.39	19599.04	19408.45	20160.92	36.26	556
2242	Tigard-Tualatin SD 23J	12688	12691	12641	12718	1574487.08 	1629094.06 	1767375.25 	1769169.96 	40368722.52 	43213711.41 	44395972.89 	50896555.87 	124.09 	128.37 	139.81 	139.11 	3181.65 	3405.07 	3512.06 	4001.93 	3525.18 	132.84 	407449.01	482471.09	426982.3	460791.19	444423.4	35.04	12685
1969	Bandon SD 54	742	741	713	731	101262.03 	133717.85 	116316.30 	171146.00 	2523160.59 	2773981.33 	2840961.67 	3337161.82 	136.47 	180.46 	163.14 	234.13 	3400.49 	3743.56 	3984.52 	4565.20 	3923.44 	178.55 	232853	241528.58	200687.27	207044.48	220528.33	301.37	732
1978	Sisters SD 6	1302	1211	1144	1142	363217.33 	333518.04 	219097.26 	402235.40 	2279074.94 	1827874.93 	1215536.62 	1691151.56 	278.97 	275.41 	191.52 	352.22 	1750.44 	1509.39 	1062.53 	1480.87 	1450.81 	274.53 	405208.04	328501.01	362976.94	369306.92	366498.23	305.48	1200
1923	Lake Oswego SD 7J	6738	6766	6812	6878	1580366.30 	2695112.15 	2251911.04 	2077122.57 	15265033.54 	18613718.70 	17566905.85 	22294070.14 	234.55 	398.33 	330.58 	302.00 	2265.51 	2751.07 	2578.82 	3241.36 	2709.19 	316.36 	3402504.68	3217625.64	3476061.67	3384641.02	3370208.25	495.73	6799
1947	Vernonia SD 47J	609	575	554	556	211163.68 	1717252.50 	218961.21 	116419.24 	2056713.75 	2532563.47 	2573230.94 	2538349.99 	346.74 	2986.53 	395.24 	209.39 	3377.20 	4404.46 	4644.82 	4565.38 	4247.96 	984.47 	205079.44	268497.63	231340.61	220453.61	231342.82	403.39	574
2188	Riverdale SD 51J	567	574	562	586	785700.00 	842181.29 	839431.39 	916869.44 	1426196.04 	1415464.69 	1097335.88 	186632.03 	1385.71 	1467.21 	1493.65 	1564.62 	2515.34 	2465.97 	1952.55 	318.48 	1813.09 	1477.80 	431577.13	497937.49	714496.27		548003.63	957.63	572